Workbook

Sheet Dashboard
A1: Khí hậu TP.HCM — biến động nhiệt độ & khả năng mưa theo mùa
A2: ="Dữ liệu ngày "&TEXT(MIN(Data_Ngay!$A$2:$A$366),"dd/mm/yyyy")&" → "&TEXT(MAX(Data_Ngay!$A$2:$A$366),"dd/mm/yyyy")&" · Nguồn: Open-Meteo Archive API (ERA5)"
A5: Nóng nhất (°C) | D5: Mát nhất (°C) | G5: Tổng lượng mưa (mm) | J5: Khả năng mưa mùa mưa | M5: Chênh ngày–đêm TB (°C) | P5: Số ngày spike nhiệt
A6: =MAX(Data_Ngay!$E$2:$E$366) | D6: =MIN(Data_Ngay!$F$2:$F$366) | G6: =SUM(Data_Ngay!$N$2:$N$366) | J6: =Mua!C3 | M6: =AVERAGE(Data_Ngay!$K$2:$K$366) | P6: =COUNTIFS(Data_Ngay!$Q$2:$Q$366,1)
A7: =TEXT(INDEX(Data_Ngay!$A$2:$A$366,MATCH(MAX(Data_Ngay!$E$2:$E$366),Data_Ngay!$E$2:$E$366,0)),"dd/mm/yyyy") | D7: =TEXT(INDEX(Data_Ngay!$A$2:$A$366,MATCH(MIN(Data_Ngay!$F$2:$F$366),Data_Ngay!$F$2:$F$366,0)),"dd/mm/yyyy") | G7: =COUNTIFS(Data_Ngay!$O$2:$O$366,1)&" ngày mưa" | J7: ="Mùa khô: "&TEXT(Mua!C4,"0%") | M7: ="Lớn nhất: "&FIXED(MAX(Data_Ngay!$K$2:$K$366),1)&" °C" | P7: ="Δ ≥ 2 °C"

Sheet Thang
A2: Năm-Tháng | B2: Tháng | C2: Mùa | D2: Số ngày | E2: Max TB (°C) | F2: Min TB (°C) | G2: Ban ngày TB (°C) | H2: Ban đêm TB (°C) | I2: Chênh ngày–đêm (°C) | J2: Độ ẩm TB (%) | K2: Tổng mưa (mm) | L2: Số ngày mưa | M2: Khả năng mưa | N2: Số ngày spike
A3: 2025-10 | B3: =INDEX(Data_Ngay!$C$2:$C$366,MATCH($A3,Data_Ngay!$B$2:$B$366,0)) | C3: =INDEX(Data_Ngay!$D$2:$D$366,MATCH($A3,Data_Ngay!$B$2:$B$366,0)) | D3: =COUNTIFS(Data_Ngay!$B$2:$B$366,$A3) | E3: =AVERAGEIFS(Data_Ngay!$E$2:$E$366,Data_Ngay!$B$2:$B$366,$A3) | F3: =AVERAGEIFS(Data_Ngay!$F$2:$F$366,Data_Ngay!$B$2:$B$366,$A3) | G3: =AVERAGEIFS(Data_Ngay!$I$2:$I$366,Data_Ngay!$B$2:$B$366,$A3) | H3: =AVERAGEIFS(Data_Ngay!$J$2:$J$366,Data_Ngay!$B$2:$B$366,$A3) | I3: =G3-H3 | J3: =AVERAGEIFS(Data_Ngay!$M$2:$M$366,Data_Ngay!$B$2:$B$366,$A3) | K3: =SUMIFS(Data_Ngay!$N$2:$N$366,Data_Ngay!$B$2:$B$366,$A3) | L3: =COUNTIFS(Data_Ngay!$B$2:$B$366,$A3,Data_Ngay!$O$2:$O$366,1) | M3: =IF(D3=0,0,L3/D3) | N3: =COUNTIFS(Data_Ngay!$B$2:$B$366,$A3,Data_Ngay!$Q$2:$Q$366,1)
A4: 2025-11 | B4: =INDEX(Data_Ngay!$C$2:$C$366,MATCH($A4,Data_Ngay!$B$2:$B$366,0)) | C4: =INDEX(Data_Ngay!$D$2:$D$366,MATCH($A4,Data_Ngay!$B$2:$B$366,0)) | D4: =COUNTIFS(Data_Ngay!$B$2:$B$366,$A4) | E4: =AVERAGEIFS(Data_Ngay!$E$2:$E$366,Data_Ngay!$B$2:$B$366,$A4) | F4: =AVERAGEIFS(Data_Ngay!$F$2:$F$366,Data_Ngay!$B$2:$B$366,$A4) | G4: =AVERAGEIFS(Data_Ngay!$I$2:$I$366,Data_Ngay!$B$2:$B$366,$A4) | H4: =AVERAGEIFS(Data_Ngay!$J$2:$J$366,Data_Ngay!$B$2:$B$366,$A4) | I4: =G4-H4 | J4: =AVERAGEIFS(Data_Ngay!$M$2:$M$366,Data_Ngay!$B$2:$B$366,$A4) | K4: =SUMIFS(Data_Ngay!$N$2:$N$366,Data_Ngay!$B$2:$B$366,$A4) | L4: =COUNTIFS(Data_Ngay!$B$2:$B$366,$A4,Data_Ngay!$O$2:$O$366,1) | M4: =IF(D4=0,0,L4/D4) | N4: =COUNTIFS(Data_Ngay!$B$2:$B$366,$A4,Data_Ngay!$Q$2:$Q$366,1)
A5: 2025-12 | B5: =INDEX(Data_Ngay!$C$2:$C$366,MATCH($A5,Data_Ngay!$B$2:$B$366,0)) | C5: =INDEX(Data_Ngay!$D$2:$D$366,MATCH($A5,Data_Ngay!$B$2:$B$366,0)) | D5: =COUNTIFS(Data_Ngay!$B$2:$B$366,$A5) | E5: =AVERAGEIFS(Data_Ngay!$E$2:$E$366,Data_Ngay!$B$2:$B$366,$A5) | F5: =AVERAGEIFS(Data_Ngay!$F$2:$F$366,Data_Ngay!$B$2:$B$366,$A5) | G5: =AVERAGEIFS(Data_Ngay!$I$2:$I$366,Data_Ngay!$B$2:$B$366,$A5) | H5: =AVERAGEIFS(Data_Ngay!$J$2:$J$366,Data_Ngay!$B$2:$B$366,$A5) | I5: =G5-H5 | J5: =AVERAGEIFS(Data_Ngay!$M$2:$M$366,Data_Ngay!$B$2:$B$366,$A5) | K5: =SUMIFS(Data_Ngay!$N$2:$N$366,Data_Ngay!$B$2:$B$366,$A5) | L5: =COUNTIFS(Data_Ngay!$B$2:$B$366,$A5,Data_Ngay!$O$2:$O$366,1) | M5: =IF(D5=0,0,L5/D5) | N5: =COUNTIFS(Data_Ngay!$B$2:$B$366,$A5,Data_Ngay!$Q$2:$Q$366,1)
A6: 2026-01 | B6: =INDEX(Data_Ngay!$C$2:$C$366,MATCH($A6,Data_Ngay!$B$2:$B$366,0)) | C6: =INDEX(Data_Ngay!$D$2:$D$366,MATCH($A6,Data_Ngay!$B$2:$B$366,0)) | D6: =COUNTIFS(Data_Ngay!$B$2:$B$366,$A6) | E6: =AVERAGEIFS(Data_Ngay!$E$2:$E$366,Data_Ngay!$B$2:$B$366,$A6) | F6: =AVERAGEIFS(Data_Ngay!$F$2:$F$366,Data_Ngay!$B$2:$B$366,$A6) | G6: =AVERAGEIFS(Data_Ngay!$I$2:$I$366,Data_Ngay!$B$2:$B$366,$A6) | H6: =AVERAGEIFS(Data_Ngay!$J$2:$J$366,Data_Ngay!$B$2:$B$366,$A6) | I6: =G6-H6 | J6: =AVERAGEIFS(Data_Ngay!$M$2:$M$366,Data_Ngay!$B$2:$B$366,$A6) | K6: =SUMIFS(Data_Ngay!$N$2:$N$366,Data_Ngay!$B$2:$B$366,$A6) | L6: =COUNTIFS(Data_Ngay!$B$2:$B$366,$A6,Data_Ngay!$O$2:$O$366,1) | M6: =IF(D6=0,0,L6/D6) | N6: =COUNTIFS(Data_Ngay!$B$2:$B$366,$A6,Data_Ngay!$Q$2:$Q$366,1)
A7: 2026-02 | B7: =INDEX(Data_Ngay!$C$2:$C$366,MATCH($A7,Data_Ngay!$B$2:$B$366,0)) | C7: =INDEX(Data_Ngay!$D$2:$D$366,MATCH($A7,Data_Ngay!$B$2:$B$366,0)) | D7: =COUNTIFS(Data_Ngay!$B$2:$B$366,$A7) | E7: =AVERAGEIFS(Data_Ngay!$E$2:$E$366,Data_Ngay!$B$2:$B$366,$A7) | F7: =AVERAGEIFS(Data_Ngay!$F$2:$F$366,Data_Ngay!$B$2:$B$366,$A7) | G7: =AVERAGEIFS(Data_Ngay!$I$2:$I$366,Data_Ngay!$B$2:$B$366,$A7) | H7: =AVERAGEIFS(Data_Ngay!$J$2:$J$366,Data_Ngay!$B$2:$B$366,$A7) | I7: =G7-H7 | J7: =AVERAGEIFS(Data_Ngay!$M$2:$M$366,Data_Ngay!$B$2:$B$366,$A7) | K7: =SUMIFS(Data_Ngay!$N$2:$N$366,Data_Ngay!$B$2:$B$366,$A7) | L7: =COUNTIFS(Data_Ngay!$B$2:$B$366,$A7,Data_Ngay!$O$2:$O$366,1) | M7: =IF(D7=0,0,L7/D7) | N7: =COUNTIFS(Data_Ngay!$B$2:$B$366,$A7,Data_Ngay!$Q$2:$Q$366,1)
A8: 2026-03 | B8: =INDEX(Data_Ngay!$C$2:$C$366,MATCH($A8,Data_Ngay!$B$2:$B$366,0)) | C8: =INDEX(Data_Ngay!$D$2:$D$366,MATCH($A8,Data_Ngay!$B$2:$B$366,0)) | D8: =COUNTIFS(Data_Ngay!$B$2:$B$366,$A8) | E8: =AVERAGEIFS(Data_Ngay!$E$2:$E$366,Data_Ngay!$B$2:$B$366,$A8) | F8: =AVERAGEIFS(Data_Ngay!$F$2:$F$366,Data_Ngay!$B$2:$B$366,$A8) | G8: =AVERAGEIFS(Data_Ngay!$I$2:$I$366,Data_Ngay!$B$2:$B$366,$A8) | H8: =AVERAGEIFS(Data_Ngay!$J$2:$J$366,Data_Ngay!$B$2:$B$366,$A8) | I8: =G8-H8 | J8: =AVERAGEIFS(Data_Ngay!$M$2:$M$366,Data_Ngay!$B$2:$B$366,$A8) | K8: =SUMIFS(Data_Ngay!$N$2:$N$366,Data_Ngay!$B$2:$B$366,$A8) | L8: =COUNTIFS(Data_Ngay!$B$2:$B$366,$A8,Data_Ngay!$O$2:$O$366,1) | M8: =IF(D8=0,0,L8/D8) | N8: =COUNTIFS(Data_Ngay!$B$2:$B$366,$A8,Data_Ngay!$Q$2:$Q$366,1)
A9: 2026-04 | B9: =INDEX(Data_Ngay!$C$2:$C$366,MATCH($A9,Data_Ngay!$B$2:$B$366,0)) | C9: =INDEX(Data_Ngay!$D$2:$D$366,MATCH($A9,Data_Ngay!$B$2:$B$366,0)) | D9: =COUNTIFS(Data_Ngay!$B$2:$B$366,$A9) | E9: =AVERAGEIFS(Data_Ngay!$E$2:$E$366,Data_Ngay!$B$2:$B$366,$A9) | F9: =AVERAGEIFS(Data_Ngay!$F$2:$F$366,Data_Ngay!$B$2:$B$366,$A9) | G9: =AVERAGEIFS(Data_Ngay!$I$2:$I$366,Data_Ngay!$B$2:$B$366,$A9) | H9: =AVERAGEIFS(Data_Ngay!$J$2:$J$366,Data_Ngay!$B$2:$B$366,$A9) | I9: =G9-H9 | J9: =AVERAGEIFS(Data_Ngay!$M$2:$M$366,Data_Ngay!$B$2:$B$366,$A9) | K9: =SUMIFS(Data_Ngay!$N$2:$N$366,Data_Ngay!$B$2:$B$366,$A9) | L9: =COUNTIFS(Data_Ngay!$B$2:$B$366,$A9,Data_Ngay!$O$2:$O$366,1) | M9: =IF(D9=0,0,L9/D9) | N9: =COUNTIFS(Data_Ngay!$B$2:$B$366,$A9,Data_Ngay!$Q$2:$Q$366,1)
A10: 2026-05 | B10: =INDEX(Data_Ngay!$C$2:$C$366,MATCH($A10,Data_Ngay!$B$2:$B$366,0)) | C10: =INDEX(Data_Ngay!$D$2:$D$366,MATCH($A10,Data_Ngay!$B$2:$B$366,0)) | D10: =COUNTIFS(Data_Ngay!$B$2:$B$366,$A10) | E10: =AVERAGEIFS(Data_Ngay!$E$2:$E$366,Data_Ngay!$B$2:$B$366,$A10) | F10: =AVERAGEIFS(Data_Ngay!$F$2:$F$366,Data_Ngay!$B$2:$B$366,$A10) | G10: =AVERAGEIFS(Data_Ngay!$I$2:$I$366,Data_Ngay!$B$2:$B$366,$A10) | H10: =AVERAGEIFS(Data_Ngay!$J$2:$J$366,Data_Ngay!$B$2:$B$366,$A10) | I10: =G10-H10 | J10: =AVERAGEIFS(Data_Ngay!$M$2:$M$366,Data_Ngay!$B$2:$B$366,$A10) | K10: =SUMIFS(Data_Ngay!$N$2:$N$366,Data_Ngay!$B$2:$B$366,$A10) | L10: =COUNTIFS(Data_Ngay!$B$2:$B$366,$A10,Data_Ngay!$O$2:$O$366,1) | M10: =IF(D10=0,0,L10/D10) | N10: =COUNTIFS(Data_Ngay!$B$2:$B$366,$A10,Data_Ngay!$Q$2:$Q$366,1)
A11: 2026-06 | B11: =INDEX(Data_Ngay!$C$2:$C$366,MATCH($A11,Data_Ngay!$B$2:$B$366,0)) | C11: =INDEX(Data_Ngay!$D$2:$D$366,MATCH($A11,Data_Ngay!$B$2:$B$366,0)) | D11: =COUNTIFS(Data_Ngay!$B$2:$B$366,$A11) | E11: =AVERAGEIFS(Data_Ngay!$E$2:$E$366,Data_Ngay!$B$2:$B$366,$A11) | F11: =AVERAGEIFS(Data_Ngay!$F$2:$F$366,Data_Ngay!$B$2:$B$366,$A11) | G11: =AVERAGEIFS(Data_Ngay!$I$2:$I$366,Data_Ngay!$B$2:$B$366,$A11) | H11: =AVERAGEIFS(Data_Ngay!$J$2:$J$366,Data_Ngay!$B$2:$B$366,$A11) | I11: =G11-H11 | J11: =AVERAGEIFS(Data_Ngay!$M$2:$M$366,Data_Ngay!$B$2:$B$366,$A11) | K11: =SUMIFS(Data_Ngay!$N$2:$N$366,Data_Ngay!$B$2:$B$366,$A11) | L11: =COUNTIFS(Data_Ngay!$B$2:$B$366,$A11,Data_Ngay!$O$2:$O$366,1) | M11: =IF(D11=0,0,L11/D11) | N11: =COUNTIFS(Data_Ngay!$B$2:$B$366,$A11,Data_Ngay!$Q$2:$Q$366,1)
A12: 2026-07 | B12: =INDEX(Data_Ngay!$C$2:$C$366,MATCH($A12,Data_Ngay!$B$2:$B$366,0)) | C12: =INDEX(Data_Ngay!$D$2:$D$366,MATCH($A12,Data_Ngay!$B$2:$B$366,0)) | D12: =COUNTIFS(Data_Ngay!$B$2:$B$366,$A12) | E12: =AVERAGEIFS(Data_Ngay!$E$2:$E$366,Data_Ngay!$B$2:$B$366,$A12) | F12: =AVERAGEIFS(Data_Ngay!$F$2:$F$366,Data_Ngay!$B$2:$B$366,$A12) | G12: =AVERAGEIFS(Data_Ngay!$I$2:$I$366,Data_Ngay!$B$2:$B$366,$A12) | H12: =AVERAGEIFS(Data_Ngay!$J$2:$J$366,Data_Ngay!$B$2:$B$366,$A12) | I12: =G12-H12 | J12: =AVERAGEIFS(Data_Ngay!$M$2:$M$366,Data_Ngay!$B$2:$B$366,$A12) | K12: =SUMIFS(Data_Ngay!$N$2:$N$366,Data_Ngay!$B$2:$B$366,$A12) | L12: =COUNTIFS(Data_Ngay!$B$2:$B$366,$A12,Data_Ngay!$O$2:$O$366,1) | M12: =IF(D12=0,0,L12/D12) | N12: =COUNTIFS(Data_Ngay!$B$2:$B$366,$A12,Data_Ngay!$Q$2:$Q$366,1)
A13: 2026-08 | B13: =INDEX(Data_Ngay!$C$2:$C$366,MATCH($A13,Data_Ngay!$B$2:$B$366,0)) | C13: =INDEX(Data_Ngay!$D$2:$D$366,MATCH($A13,Data_Ngay!$B$2:$B$366,0)) | D13: =COUNTIFS(Data_Ngay!$B$2:$B$366,$A13) | E13: =AVERAGEIFS(Data_Ngay!$E$2:$E$366,Data_Ngay!$B$2:$B$366,$A13) | F13: =AVERAGEIFS(Data_Ngay!$F$2:$F$366,Data_Ngay!$B$2:$B$366,$A13) | G13: =AVERAGEIFS(Data_Ngay!$I$2:$I$366,Data_Ngay!$B$2:$B$366,$A13) | H13: =AVERAGEIFS(Data_Ngay!$J$2:$J$366,Data_Ngay!$B$2:$B$366,$A13) | I13: =G13-H13 | J13: =AVERAGEIFS(Data_Ngay!$M$2:$M$366,Data_Ngay!$B$2:$B$366,$A13) | K13: =SUMIFS(Data_Ngay!$N$2:$N$366,Data_Ngay!$B$2:$B$366,$A13) | L13: =COUNTIFS(Data_Ngay!$B$2:$B$366,$A13,Data_Ngay!$O$2:$O$366,1) | M13: =IF(D13=0,0,L13/D13) | N13: =COUNTIFS(Data_Ngay!$B$2:$B$366,$A13,Data_Ngay!$Q$2:$Q$366,1)
A14: 2026-09 | B14: =INDEX(Data_Ngay!$C$2:$C$366,MATCH($A14,Data_Ngay!$B$2:$B$366,0)) | C14: =INDEX(Data_Ngay!$D$2:$D$366,MATCH($A14,Data_Ngay!$B$2:$B$366,0)) | D14: =COUNTIFS(Data_Ngay!$B$2:$B$366,$A14) | E14: =AVERAGEIFS(Data_Ngay!$E$2:$E$366,Data_Ngay!$B$2:$B$366,$A14) | F14: =AVERAGEIFS(Data_Ngay!$F$2:$F$366,Data_Ngay!$B$2:$B$366,$A14) | G14: =AVERAGEIFS(Data_Ngay!$I$2:$I$366,Data_Ngay!$B$2:$B$366,$A14) | H14: =AVERAGEIFS(Data_Ngay!$J$2:$J$366,Data_Ngay!$B$2:$B$366,$A14) | I14: =G14-H14 | J14: =AVERAGEIFS(Data_Ngay!$M$2:$M$366,Data_Ngay!$B$2:$B$366,$A14) | K14: =SUMIFS(Data_Ngay!$N$2:$N$366,Data_Ngay!$B$2:$B$366,$A14) | L14: =COUNTIFS(Data_Ngay!$B$2:$B$366,$A14,Data_Ngay!$O$2:$O$366,1) | M14: =IF(D14=0,0,L14/D14) | N14: =COUNTIFS(Data_Ngay!$B$2:$B$366,$A14,Data_Ngay!$Q$2:$Q$366,1)
A15: 2026-10 | B15: =INDEX(Data_Ngay!$C$2:$C$366,MATCH($A15,Data_Ngay!$B$2:$B$366,0)) | C15: =INDEX(Data_Ngay!$D$2:$D$366,MATCH($A15,Data_Ngay!$B$2:$B$366,0)) | D15: =COUNTIFS(Data_Ngay!$B$2:$B$366,$A15) | E15: =AVERAGEIFS(Data_Ngay!$E$2:$E$366,Data_Ngay!$B$2:$B$366,$A15) | F15: =AVERAGEIFS(Data_Ngay!$F$2:$F$366,Data_Ngay!$B$2:$B$366,$A15) | G15: =AVERAGEIFS(Data_Ngay!$I$2:$I$366,Data_Ngay!$B$2:$B$366,$A15) | H15: =AVERAGEIFS(Data_Ngay!$J$2:$J$366,Data_Ngay!$B$2:$B$366,$A15) | I15: =G15-H15 | J15: =AVERAGEIFS(Data_Ngay!$M$2:$M$366,Data_Ngay!$B$2:$B$366,$A15) | K15: =SUMIFS(Data_Ngay!$N$2:$N$366,Data_Ngay!$B$2:$B$366,$A15) | L15: =COUNTIFS(Data_Ngay!$B$2:$B$366,$A15,Data_Ngay!$O$2:$O$366,1) | M15: =IF(D15=0,0,L15/D15) | N15: =COUNTIFS(Data_Ngay!$B$2:$B$366,$A15,Data_Ngay!$Q$2:$Q$366,1)

Sheet Mua
A2: Mùa | B2: Số ngày | C2: Khả năng mưa P(mưa) | D2: P(mai mưa | nay mưa) | E2: P(mai mưa | nay khô) | F2: Max TB (°C) | G2: Độ ẩm TB (%) | H2: Tổng mưa (mm) | I2: Chênh ngày–đêm TB (°C)
A3: Mùa mưa | B3: =COUNTIFS(Data_Ngay!$D$2:$D$366,$A3) | C3: =COUNTIFS(Data_Ngay!$D$2:$D$366,$A3,Data_Ngay!$O$2:$O$366,1)/B3 | D3: =IFERROR(COUNTIFS(Data_Ngay!$D$2:$D$366,$A3,Data_Ngay!$O$2:$O$366,1,Data_Ngay!$P$2:$P$366,1)/COUNTIFS(Data_Ngay!$D$2:$D$366,$A3,Data_Ngay!$O$2:$O$366,1,Data_Ngay!$P$2:$P$366,">=0"),0) | E3: =IFERROR(COUNTIFS(Data_Ngay!$D$2:$D$366,$A3,Data_Ngay!$O$2:$O$366,0,Data_Ngay!$P$2:$P$366,1)/COUNTIFS(Data_Ngay!$D$2:$D$366,$A3,Data_Ngay!$O$2:$O$366,0,Data_Ngay!$P$2:$P$366,">=0"),0) | F3: =AVERAGEIFS(Data_Ngay!$E$2:$E$366,Data_Ngay!$D$2:$D$366,$A3) | G3: =AVERAGEIFS(Data_Ngay!$M$2:$M$366,Data_Ngay!$D$2:$D$366,$A3) | H3: =SUMIFS(Data_Ngay!$N$2:$N$366,Data_Ngay!$D$2:$D$366,$A3) | I3: =AVERAGEIFS(Data_Ngay!$K$2:$K$366,Data_Ngay!$D$2:$D$366,$A3)
A4: Mùa khô | B4: =COUNTIFS(Data_Ngay!$D$2:$D$366,$A4) | C4: =COUNTIFS(Data_Ngay!$D$2:$D$366,$A4,Data_Ngay!$O$2:$O$366,1)/B4 | D4: =IFERROR(COUNTIFS(Data_Ngay!$D$2:$D$366,$A4,Data_Ngay!$O$2:$O$366,1,Data_Ngay!$P$2:$P$366,1)/COUNTIFS(Data_Ngay!$D$2:$D$366,$A4,Data_Ngay!$O$2:$O$366,1,Data_Ngay!$P$2:$P$366,">=0"),0) | E4: =IFERROR(COUNTIFS(Data_Ngay!$D$2:$D$366,$A4,Data_Ngay!$O$2:$O$366,0,Data_Ngay!$P$2:$P$366,1)/COUNTIFS(Data_Ngay!$D$2:$D$366,$A4,Data_Ngay!$O$2:$O$366,0,Data_Ngay!$P$2:$P$366,">=0"),0) | F4: =AVERAGEIFS(Data_Ngay!$E$2:$E$366,Data_Ngay!$D$2:$D$366,$A4) | G4: =AVERAGEIFS(Data_Ngay!$M$2:$M$366,Data_Ngay!$D$2:$D$366,$A4) | H4: =SUMIFS(Data_Ngay!$N$2:$N$366,Data_Ngay!$D$2:$D$366,$A4) | I4: =AVERAGEIFS(Data_Ngay!$K$2:$K$366,Data_Ngay!$D$2:$D$366,$A4)
A5: Cả năm | B5: =COUNT(Data_Ngay!$E$2:$E$366) | C5: =SUM(Data_Ngay!$O$2:$O$366)/B5 | D5: =IFERROR(COUNTIFS(Data_Ngay!$O$2:$O$366,1,Data_Ngay!$P$2:$P$366,1)/COUNTIFS(Data_Ngay!$O$2:$O$366,1,Data_Ngay!$P$2:$P$366,">=0"),0) | E5: =IFERROR(COUNTIFS(Data_Ngay!$O$2:$O$366,0,Data_Ngay!$P$2:$P$366,1)/COUNTIFS(Data_Ngay!$O$2:$O$366,0,Data_Ngay!$P$2:$P$366,">=0"),0) | F5: =AVERAGE(Data_Ngay!$E$2:$E$366) | G5: =AVERAGE(Data_Ngay!$M$2:$M$366) | H5: =SUM(Data_Ngay!$N$2:$N$366) | I5: =AVERAGE(Data_Ngay!$K$2:$K$366)
A7: Cách đọc: P(mai mưa | nay mưa) là xác suất ngày hôm sau có mưa khi hôm nay đã mưa (chuỗi Markov 1 bậc) — một mô hình dự báo khí hậu đơn giản, không thay thế dự báo thời tiết.

Sheet Data_Ngay
A1: Ngày | B1: Năm-Tháng | C1: Tháng | D1: Mùa | E1: Nhiệt độ max (°C) | F1: Nhiệt độ min (°C) | G1: Nhiệt độ TB (°C) | H1: MA7 nhiệt độ TB (°C) | I1: TB ban ngày 6h–18h (°C) | J1: TB ban đêm 18h–6h (°C) | K1: Chênh ngày–đêm (°C) | L1: Biên độ max–min (°C) | M1: Độ ẩm TB (%) | N1: Lượng mưa (mm) | O1: Ngày mưa (≥1mm) | P1: Mai mưa? | Q1: Spike nhiệt | R1: Δ so hôm qua (°C) | S1: Δ so TB 7 ngày trước (°C)
A2: 45939 | B2: 2025-10 | C2: 10 | D2: Mùa mưa | E2: 31.1 | F2: 23.7 | G2: 26.5 | H2: 26.5 | I2: 28.56 | J2: 24.53 | K2: 4.03 | L2: 7.4 | M2: 87 | N2: 3.2 | O2: 1 | P2: 1 | Q2: 0
A3: 45940 | B3: 2025-10 | C3: 10 | D3: Mùa mưa | E3: 30.1 | F3: 23.9 | G3: 26.5 | H3: 26.5 | I3: 27.85 | J3: 25.27 | K3: 2.58 | L3: 6.2 | M3: 88 | N3: 5.9 | O3: 1 | P3: 1 | Q3: 0 | R3: -1 | S3: -1
A4: 45941 | B4: 2025-10 | C4: 10 | D4: Mùa mưa | E4: 30.3 | F4: 23.5 | G4: 26.5 | H4: 26.5 | I4: 27.97 | J4: 24.98 | K4: 2.99 | L4: 6.8 | M4: 87 | N4: 18 | O4: 1 | P4: 1 | Q4: 0 | R4: 0.2 | S4: -0.3
A5: 45942 | B5: 2025-10 | C5: 10 | D5: Mùa mưa | E5: 31.2 | F5: 23.9 | G5: 26.7 | H5: 26.55 | I5: 28.31 | J5: 25.06 | K5: 3.25 | L5: 7.3 | M5: 87 | N5: 9.6 | O5: 1 | P5: 1 | Q5: 0 | R5: 0.9 | S5: 0.7
A6: 45943 | B6: 2025-10 | C6: 10 | D6: Mùa mưa | E6: 30.3 | F6: 24.2 | G6: 26.5 | H6: 26.54 | I6: 27.49 | J6: 25.53 | K6: 1.96 | L6: 6.1 | M6: 90 | N6: 20.1 | O6: 1 | P6: 1 | Q6: 0 | R6: -0.9 | S6: -0.38
A7: 45944 | B7: 2025-10 | C7: 10 | D7: Mùa mưa | E7: 31.2 | F7: 24.4 | G7: 27 | H7: 26.62 | I7: 28.87 | J7: 25.29 | K7: 3.57 | L7: 6.8 | M7: 86 | N7: 11.9 | O7: 1 | P7: 1 | Q7: 0 | R7: 0.9 | S7: 0.6
A8: 45945 | B8: 2025-10 | C8: 10 | D8: Mùa mưa | E8: 32.8 | F8: 24.8 | G8: 27.7 | H8: 26.77 | I8: 29.44 | J8: 26.07 | K8: 3.37 | L8: 8 | M8: 84 | N8: 9.4 | O8: 1 | P8: 0 | Q8: 1 | R8: 1.6 | S8: 2.1
A9: 45946 | B9: 2025-10 | C9: 10 | D9: Mùa mưa | E9: 32.3 | F9: 24.4 | G9: 27.6 | H9: 26.93 | I9: 29.17 | J9: 26.12 | K9: 3.06 | L9: 7.9 | M9: 84 | N9: 0.7 | O9: 0 | P9: 1 | Q9: 0 | R9: -0.5 | S9: 1.3
A10: 45947 | B10: 2025-10 | C10: 10 | D10: Mùa mưa | E10: 32.7 | F10: 24.7 | G10: 27.7 | H10: 27.1 | I10: 29.52 | J10: 26 | K10: 3.52 | L10: 8 | M10: 84 | N10: 4.8 | O10: 1 | P10: 1 | Q10: 0 | R10: 0.4 | S10: 1.53
A11: 45948 | B11: 2025-10 | C11: 10 | D11: Mùa mưa | E11: 31.9 | F11: 24.5 | G11: 26.6 | H11: 27.11 | I11: 28.33 | J11: 24.99 | K11: 3.34 | L11: 7.4 | M11: 88 | N11: 5.5 | O11: 1 | P11: 0 | Q11: 0 | R11: -0.8 | S11: 0.36
A12: 45949 | B12: 2025-10 | C12: 10 | D12: Mùa mưa | E12: 32.9 | F12: 24.5 | G12: 28 | H12: 27.3 | I12: 30 | J12: 26.04 | K12: 3.96 | L12: 8.4 | M12: 82 | N12: 0.3 | O12: 0 | P12: 1 | Q12: 0 | R12: 1 | S12: 1.13
A13: 45950 | B13: 2025-10 | C13: 10 | D13: Mùa mưa | E13: 33.2 | F13: 24.6 | G13: 28 | H13: 27.51 | I13: 30.14 | J13: 25.82 | K13: 4.32 | L13: 8.6 | M13: 83 | N13: 12 | O13: 1 | P13: 1 | Q13: 0 | R13: 0.3 | S13: 1.19
A14: 45951 | B14: 2025-10 | C14: 10 | D14: Mùa mưa | E14: 32.3 | F14: 24.7 | G14: 27.6 | H14: 27.6 | I14: 29.27 | J14: 26.03 | K14: 3.24 | L14: 7.6 | M14: 86 | N14: 8.5 | O14: 1 | P14: 1 | Q14: 0 | R14: -0.9 | S14: -0.13
... A365: 46302 | B365: 2026-10 | C365: 10 | D365: Mùa mưa | E365: 32.3 | F365: 24.3 | G365: 27.5 | H365: 27.56 | I365: 29.41 | J365: 25.57 | K365: 3.83 | L365: 8 | M365: 86 | N365: 13.9 | O365: 1 | P365: 1 | Q365: 0 | R365: 0.6 | S365: -0.1
A366: 46303 | B366: 2026-10 | C366: 10 | D366: Mùa mưa | E366: 31.4 | F366: 24.2 | G366: 26.8 | H366: 27.46 | I366: 28.78 | J366: 24.92 | K366: 3.87 | L366: 7.2 | M366: 87 | N366: 14.2 | O366: 1 | Q366: 0 | R366: -0.9 | S366: -0.94

Sheet Cuc_doan
A1: Ngày | B1: Mùa | C1: Max (°C) | D1: Min (°C) | E1: Độ ẩm TB (%) | F1: Độ ẩm min (%) | G1: Mưa (mm) | H1: Nhãn cực đoan
A2: 2025-10-13 | B2: Mùa mưa | C2: 30.3 | D2: 24.2 | E2: 90 | F2: 73 | G2: 20.1 | H2: Ẩm cực đoan;
A3: 2025-10-25 | B3: Mùa mưa | C3: 29 | D3: 23.8 | E3: 90 | F3: 75 | G3: 2.2 | H3: Ẩm cực đoan;
A4: 2025-10-28 | B4: Mùa mưa | C4: 29.8 | D4: 24.3 | E4: 92 | F4: 73 | G4: 35.4 | H4: Ẩm cực đoan;
A5: 2025-10-29 | B5: Mùa mưa | C5: 29.2 | D5: 24.4 | E5: 90 | F5: 74 | G5: 6.9 | H5: Ẩm cực đoan;
A6: 2025-10-30 | B6: Mùa mưa | C6: 28.5 | D6: 24.5 | E6: 91 | F6: 80 | G6: 4.4 | H6: Ẩm cực đoan;
A7: 2025-11-01 | B7: Mùa mưa | C7: 30.7 | D7: 24.5 | E7: 91 | F7: 70 | G7: 32 | H7: Ẩm cực đoan;
A8: 2025-11-03 | B8: Mùa mưa | C8: 28.7 | D8: 24.1 | E8: 89 | F8: 76 | G8: 19.3 | H8: Ẩm cực đoan;
A9: 2025-11-05 | B9: Mùa mưa | C9: 29.9 | D9: 24 | E9: 90 | F9: 70 | G9: 8.7 | H9: Ẩm cực đoan;
A10: 2025-11-06 | B10: Mùa mưa | C10: 28.6 | D10: 23.9 | E10: 91 | F10: 76 | G10: 9.1 | H10: Ẩm cực đoan;
A11: 2025-11-07 | B11: Mùa mưa | C11: 31.3 | D11: 24.3 | E11: 90 | F11: 69 | G11: 8.9 | H11: Ẩm cực đoan;
A12: 2025-11-15 | B12: Mùa mưa | C12: 31.2 | D12: 20.6 | E12: 75 | F12: 51 | G12: 0 | H12: Mát cực đoan;
A13: 2025-11-17 | B13: Mùa mưa | C13: 28.6 | D13: 23.4 | E13: 90 | F13: 75 | G13: 11.9 | H13: Ẩm cực đoan;
... A112: 2026-09-26 | B112: Mùa mưa | C112: 31.4 | D112: 25 | E112: 89 | F112: 64 | G112: 9.7 | H112: Ẩm cực đoan;

Sheet Ghi_chu
A1: Mục | B1: Mô tả
A2: Nguồn | B2: Open-Meteo Historical Weather API (archive-api.open-meteo.com), tái phân tích ERA5; toạ độ 10.8231, 106.6297 (TP.HCM); múi giờ UTC+7.
A3: Mùa | B3: Mùa mưa: tháng 5–11; mùa khô: tháng 12–4.
A4: Ngày mưa | B4: Lượng mưa ngày ≥ 1 mm (ngưỡng WMO).
A5: Ban ngày / đêm | B5: Ban ngày 06:00–17:59, ban đêm 18:00–05:59 trong cùng ngày dương lịch, tính từ dữ liệu giờ.
A6: MA7 | B6: AVG(temp_mean) OVER (ORDER BY date ROWS BETWEEN 6 PRECEDING AND CURRENT ROW); 6 ngày đầu có < 7 điểm.
A7: Spike nhiệt | B7: temp_max − LAG(temp_max) ≥ 2 °C hoặc temp_max − TB 7 ngày trước ≥ 2 °C.
A8: Cực đoan | B8: Top 10% theo PERCENT_RANK (nóng / mát / ẩm / khô).
A9: Khả năng mưa | B9: P(mưa) = số ngày mưa / số ngày. P(mai mưa | nay mưa) dùng LEAD(is_wet) — Markov 1 bậc.
A10: Ô có thể sửa | B10: Chỉ sheet Data_Ngay là dữ liệu đầu vào; Thang, Mua, Dashboard tự tính lại bằng công thức.
